negative_word,count1,non_negative_word,count2
awesome,80,USAirways,2186
thank,228,mention,16
flight,800,silver,5
number,82,preferred,12
Denver,29,member,37
Las,8,fly,223
Vegas,46,every,71
Sunday,17,week,75
Cancelled,137,always,51
Flighted,23,even,225
Ever,3,meal,20
consider,5,voucher,74
coming,30,That,87
Memphis,3,third,13
Need,25,time,565
TrueBlue,6,called,103
service,206,8004337300,4
fares,13,hung,75
badly,3,anyone,89
route,15,speaks,3
‚Äú,142,What,186
USAirways,619,taken,27
excited,16,care,102
fly,132,already,119
When,26,come,60
‚Äù,116,expect,36
Spring,3,level,12
Awesome,20,horrible,61
Thanks,371,service,696
You,113,flight,2293
guys,144,frustration,9
rock,17,dealing,18
thanks,350,attendant,56
mobile,8,Her,6
boarding,53,attitude,26
passes,6,ridiculous,71
available,30,Worst,36
iOS,8,customer,554
Passbook,10,ever,180
see,110,You,282
moving,4,Cancelled,902
6th,3,Flightled,434
Big,10,connecting,66
Reagan,4,hours,612
Airport,21,ago,96
ticket,77,amp,472
made,72,;,493
sure,61,tell,95
friend,25,Now,124
wedding,3,stuck,132
greatservice,3,Tampa,9
free,56,Hey,22
wifi,20,bag,391
impressive,4,damaged,15
FlyFi,5,flying,156
Glad,9,yesterday,82
hear,28,site,61
serious,3,working,89
minor,5,WTF,23
dfwairport,9,Can,178
evening,13,get,929
clear,9,assistance,37
JetBlue,216,Flight,559
white,3,today,250
listed,4,PHX,31
never,32,DFW,78
got,146,Not,136
yes,61,But,103
paper,3,job,37
voucher,24,concerned,9
January,6,hold,587
2015,16,hour,416
Question,3,need,312
lady,10,simple,12
safe,11,name,47
They,38,change,201
stop,14,sure,101
plane,99,frustrating,44
yet,24,stranded,68
updates,10,airport,223
;,222,hands,8
Lax,4,surprised,7
Thank,258,upgrade,56
AmericanAir,28,people,227
Customer,13,flights,377
contact,24,least,69
back,146,put,109
directly,3,spot,7
John,6,line,154
submitted,7,This,169
request,16,awesome,13
would,168,sarcasm,7
appreciate,54,Coach,3
call,49,looked,6
Gate,18,like,278
MCO,14,unusable,3
make,100,video,11
delay,26,power,13
luck,13,floor,11
show,37,cant,32
deals,15,plane,495
wonderful,22,speak,82
global,4,agent,205
first,90,wont,11
class,48,hope,67
777,5,received,60
FRA,3,help,478
Great,54,far,48
cont,3,someone,183
Your,29,sent,90
Terry,6,paid,76
hero,4,bank,18
Got,20,account,50
husband,9,VERY,8
thru,18,annoying,11
security,7,RIC,4
retrieve,8,ORD,53
cellphone,3,DEN,23
left,52,ALL,7
Austin,21,issues,104
85832,3,Way,9
Rock,7,youre,4
Thx,41,hotels,10
Conf,4,going,228
amp,164,anyway,13
Any,55,human,38
help,224,asap,9
appreciated,25,Thank,42
Our,123,tried,108
fleet,118,enter,9
fleek,119,rapid,4
Now,14,rewards,5
funny,7,contest,3
ready,17,link,43
May,11,facebook,4
2nd,9,browsers,3
BWI,14,kept,19
keeping,13,security,14
warm,16,getting,172
thx,20,agents,125
confirming,3,phone,343
Again,6,twitter,11
team,43,one,396
prompt,12,American,35
helpful,37,Airlines,23
response,67,delay,254
Cheers,6,rebooked,104
less,9,glad,17
snow,42,mean,34
everyone,15,excuse,18
future,14,Only,22
going,62,took,63
flying,129,bags,228
Nashville,25,arrival,24
The,70,trouble,21
Are,27,allowed,21
short,6,changes,39
planes,26,area,16
tomorrow,124,airports,17
morning,70,tonight,85
nice,43,Everyone,16
give,41,saying,54
breakfast,5,travel,136
airport,77,Your,145
That,49,seems,36
almost,7,little,45
whole,7,right,124
drink,11,May,6
course,11,want,195
FlyingItForward,4,look,57
Haiti,4,Tried,17
efforts,5,two,155
Still,12,makes,28
worries,24,small,17
Just,84,program,11
seen,11,win,4
today,149,They,101
mean,20,keep,83
great,189,crappy,13
card,32,food,58
added,11,advantage,8
watched,4,lose,40
crew,79,although,6
Dallas,35,another,187
please,162,Any,53
accept,7,chance,31
tweet,30,team,55
deserve,4,could,144
customer,134,provide,28
flew,15,appreciate,40
United,51,response,130
AUS,6,constant,6
Cancun,5,changing,22
Intl,5,say,82
Best,12,hotel,124
ever,38,Also,33
737,3,Jetblue,8
big,21,lost,198
Not,28,daughters,3
small,8,luggage,229
charge,16,How,149
thought,12,never,212
check,83,actually,62
get,342,left,113
kids,28,customers,161
need,153,meet,6
within,5,wife,61
Trying,10,family,52
Newark,30,accepted,5
Please,51,She,39
Robin,4,locked,4
EWR,16,got,278
helping,17,created,5
earlier,40,Brothers,3
She,31,baggage,169
work,77,route,11
Huge,5,2015,17
reminder,3,race,3
flights,215,Sunday,25
taken,16,Please,124
easy,17,great,65
access,12,experience,158
add,39,guys,216
points,22,Very,31
new,92,unhappy,18
account,21,Cincy,3
What,60,still,394
best,98,Stranded,7
credit,33,Dallas,40
miles,38,days,192
withall,3,clothes,29
Mint,9,snowy,3
Class,9,roads,4
attendant,27,BWI,22
Other,3,Just,109
airlines,32,MileagePlus,9
take,66,told,226
wait,47,Flighted,189
either,12,notification,19
much,117,Pls,18
birthday,16,Conf,6
trip,79,Finally,15
confirmed,7,completely,26
send,38,booked,106
personal,4,would,336
school,8,better,122
want,60,info,96
stuck,12,advise,11
southwestair,25,call,432
cool,26,seat,197
shot,5,severe,4
one,116,weather,203
Wish,10,Got,21
Everyone,4,Was,41
felt,3,calling,67
like,130,HELP,35
WMCActionNews5,3,800,39
New,33,keeps,27
airline,97,busy,44
expected,8,back,356
way,123,Late,372
MEM,3,Flightr,139
miss,19,FOR,10
Airways,35,WEEK,3
always,40,NOW,9
provided,9,Are,34
timely,5,telling,53
staff,49,seriously,42
getting,61,way,191
wife,17,WORST,23
past,10,rep,73
week,37,center,17
air,32,must,17
mine,11,investigated,3
terribly,3,found,47
anniversary,3,checks,3
amazing,66,fix,84
LUV,8,supposed,68
day,78,central,5
loved,8,About,5
Was,19,ready,17
supposed,13,close,18
minutes,25,showing,20
ago,30,delayed,446
still,79,Would,30
shows,5,boarding,119
Time,8,pass,47
Flight,152,good,121
Southwest,39,given,48
appears,5,away,42
Calgary,3,trying,252
correct,18,tomorrow,167
Nice,17,gates,18
read,11,held,21
wanted,20,mins,116
reply,32,pax,6
enjoy,12,thanks,165
Many,6,Especially,7
Follow,8,miss,135
SFO,39,tweet,44
LAX,37,TSA,22
done,46,sitting,168
simply,3,Tarmac,33
upgrade,38,open,57
ORD,28,gate,375
lot,18,hrs,208
time,171,really,166
together,20,killing,11
next,80,stay,46
weeks,22,positive,4
file,4,waiting,316
works,15,money,80
needs,18,sad,26
email,70,afford,11
easier,6,long,125
passengers,48,trips,14
coach,7,though,53
captain,7,please,177
reading,3,answer,93
omg,3,add,39
Haha,6,Mexico,8
Have,30,Air,29
fun,13,Canada,3
How,58,Same,10
believe,14,exact,7
given,8,situation,26
automatically,8,none,11
jetblue,31,problems,49
wish,17,Jet,12
hello,6,Blue,11
talking,6,depart,16
says,27,Boston,48
moved,10,departing,8
sent,80,due,205
feedback,8,finding,10
thing,22,pilot,63
flt,26,Thanks,130
info,42,lot,40
quick,36,Carolina,3
fill,3,figure,29
form,9,options,39
usairways,13,talk,74
PHL,31,philly,10
recovery,3,since,139
tonight,67,130,4
Appreciate,15,8pm,6
choice,5,plz,13
loyal,10,contact,64
airways,6,shared,5
responding,12,Nothing,14
tweets,7,done,68
long,43,check,184
Rapid,3,online,150
Rewards,3,computer,37
ton,4,tablet,5
March,16,error,44
general,7,message,54
enquires,4,devices,3
address,16,last,206
David,8,night,107
DFW,49,almost,74
Flightled,61,cuz,8
hopefully,10,without,89
Late,48,safe,9
right,68,thx,25
Done,9,note,17
receipt,9,carrier,9
ASAP,11,run,31
Could,12,around,48
Phoenix,9,disconnected,35
fixed,12,relations,24
problem,19,twice,49
booked,54,Help,81
California,6,day,228
Can,133,suppose,14
know,153,anything,91
Pittsburgh,3,learned,7
weekend,18,group,27
crowd,3,hundreds,10
via,52,company,67
good,120,Why,148
eventually,7,find,118
took,20,cheap,11
landed,17,Louis,4
safely,13,The,139
cup,5,prices,15
wine,5,went,44
home,96,crazy,28
folks,11,April,3
incredible,5,rudest,3
wan,5,attendants,38
na,13,drink,12
ride,14,card,43
love,130,dropped,21
airplane,6,‚Äú,44
taking,25,Inconvenient,3
private,3,convenient,3
jet,10,word,21
land,7,appalled,5
calling,8,lack,54
6am,3,communication,42
JFK,52,awful,41
saved,5,EWR,50
lost,20,BOS,42
Much,8,delays,104
happy,30,explained,9
spend,3,ticket,163
Let,18,gave,50
link,19,lying,6
article,4,voice,7
routes,14,With,7
times,23,explanation,20
likely,7,happened,44
Like,6,JetBlue,88
kinda,3,Unfortunately,10
care,35,available,79
announcement,3,option,55
making,31,current,10
come,31,system,129
true,14,Sorry,14
DestinationDragons,65,certain,8
scavenger,4,fail,75
hunt,5,Fix,5
win,18,airline,280
chance,43,America,5
Imagine,7,work,155
Dragons,9,cut,17
flyingitforward,7,treat,30
deliver,5,garbage,9
clothes,4,full,68
picked,7,tmrw,14
every,20,think,98
away,27,know,190
travel,90,mechanical,61
question,30,agree,4
follow,80,unacceptable,57
front,6,pray,3
office,9,free,69
welcome,14,make,193
board,27,poor,67
Never,7,disregard,6
heard,11,fails,8
really,56,üò°,6
cheap,5,queue,11
catch,10,times,145
wow,11,high,21
answer,7,cool,26
people,47,turns,8
blue,11,FLL,29
anytime,5,JAX,5
keep,27,yet,112
night,38,app,69
code,11,says,115
airfare,7,start,35
weather,72,first,133
luv,11,leg,30
tea,5,pay,104
LOVE,10,second,23
girl,6,much,88
dancing,5,earned,5
Makes,7,miles,101
AND,5,real,45
use,56,person,88
happycustomer,3,respect,9
Nantucket,7,stress,7
change,101,merger,19
instead,26,ppl,26
original,9,might,43
reservation,46,Our,54
yesterday,19,Customer,38
Took,3,Care,5
everything,26,currently,17
experience,36,responding,17
used,20,within,11
app,29,business,85
find,31,headed,9
changed,15,NYC,38
cabin,12,CLT,51
smile,5,Funny,4
company,17,hear,29
well,47,phones,27
USAir,8,entire,36
BUF,4,expected,12
major,3,wait,262
delays,25,via,56
raise,11,number,147
absolutely,7,apology,41
Where,5,Chicago,36
rebook,12,runway,53
another,44,thing,44
Tuesday,11,9pm,5
A320,8,take,192
livery,5,credit,77
website,22,Traveled,3
SJC,6,Jan,4
safety,15,reported,6
Get,3,Asked,8
award,16,worst,167
longer,10,Get,32
showing,9,together,46
could,75,updating,5
possible,34,needed,38
become,8,home,188
Columbus,11,9am,4
southwest,16,Been,66
rescheduling,3,Guess,8
bags,30,hang,23
Currently,3,give,113
heavily,3,using,40
bit,10,award,23
excuse,3,jump,6
say,26,Seattle,8
open,33,Waiting,20
seating,10,Status,4
mom,11,matter,22
said,26,200,53
rebooked,20,rental,12
online,35,car,53
fantastic,13,3rd,23
Will,49,also,61
try,24,said,143
photo,10,book,118
view,13,else,50
start,39,disappointing,13
sell,5,traveler,12
water,3,dept,14
called,17,allowing,11
market,3,responses,6
let,40,helpful,60
gate,87,FOUR,4
connection,23,HOURS,14
due,27,landed,52
CLT,25,Flt,23
tail,4,630,5
Boston,30,phx,7
red,7,JFK,99
share,18,Plus,9
talk,9,passed,6
Chicago,37,fine,28
system,9,flyers,13
sitting,14,accommodate,14
seat,63,seem,32
video,9,minutes,258
around,13,apologies,14
crewmembers,3,nice,57
daily,7,CLE,6
bring,24,offered,33
dog,3,usual,10
Philly,11,southwest,17
BOS,22,love,50
many,29,different,72
res,4,city,28
Congrats,7,employees,64
winning,3,stole,6
Deals,3,pair,3
Airline,7,understand,77
imagine,8,lavatory,5
dragons,7,freezing,13
contest,9,policy,46
ahead,6,checking,27
live,14,smh,9
premium,8,till,12
LHR,6,TUESDAY,3
advisory,15,spent,41
may,17,1000,6
affected,6,unhelpful,21
job,47,Sure,8
turning,3,arrives,11
definitely,13,Had,27
Virgin,12,explain,23
phone,56,ask,30
waive,3,guide,3
fee,19,dog,12
sending,9,min,169
details,13,transferred,10
pretty,12,asking,30
bag,73,worse,59
üòä,12,try,60
Once,3,gets,26
speak,10,plans,24
someone,37,non,24
things,20,existent,6
Well,20,robot,3
agent,38,running,17
family,27,remember,12
provide,12,conversation,4
Fort,8,consider,11
Beach,7,loyal,37
baggage,38,brand,6
claim,18,concern,14
excellent,19,experiences,10
complaint,6,haha,4
missing,11,Still,71
others,7,Seems,13
confirmation,33,multiple,26
Maybe,15,sat,34
better,45,half,68
already,42,nowhere,3
delayed,34,catch,16
stay,12,starting,8
üòâ,11,acceptable,21
looking,38,wifi,70
united,46,Really,50
London,5,Wow,8
last,72,pls,22
employees,19,beyond,24
pleasant,8,Always,4
told,22,planet,6
application,5,Southwest,21
Flightlations,16,best,56
outside,4,Sitting,12
write,4,719,5
stressful,3,computers,9
iPhone,12,backup,3
broke,3,plan,22
rather,9,place,35
Flightr,11,180,7
think,52,taxi,10
inflight,8,ride,12
makes,14,Who,20
Admiral,5,exactly,9
hey,13,San,30
Booking,50,barely,5
Problems,47,moved,29
November,4,front,27
look,36,behind,21
holders,3,disappointed,81
Lounge,5,minute,46
elevate,3,placed,8
recent,6,logged,5
even,43,gone,21
learn,7,Seat,5
able,48,released,5
Even,6,Bad,17
More,4,enough,57
checked,28,assigned,8
tmrw,6,seating,14
seem,9,exit,13
Has,4,everyone,51
Thinking,4,board,80
About,9,pissed,10
Summer,6,nope,14
With,10,leaving,50
Service,11,5pm,3
Media,5,believe,40
apply,8,passengers,126
companion,23,seated,6
certificate,6,crew,137
LIT,3,Hope,14
PDX,13,bar,4
Also,9,PHLAirport,16
replies,3,hot,5
Hey,12,mess,19
VirginAmerica,18,send,52
Every,3,adding,7
old,25,text,16
hope,46,entitled,3
pilot,18,friend,32
included,4,media,17
status,37,Stuck,25
match,9,int,5
connecting,20,flt,79
Looking,26,FLT,7
forward,33,Gate,23
friends,15,conflicting,5
Arizona,3,Outrageous,3
Friday,13,flew,24
catching,3,united,118
DCA,22,Another,25
leg,13,nothing,121
hit,4,offer,41
year,45,massive,3
flown,13,inconvenience,27
several,8,honestly,8
tried,13,feedback,19
book,52,happens,28
‚Äô,3,located,9
Why,16,reasonable,6
issues,13,request,31
San,29,cost,38
Francisco,4,vacation,58
Baltimore,4,350,3
Diego,7,rude,112
Philadelphia,3,woman,12
far,26,country,21
frequent,9,constantly,3
business,20,upgrades,9
traveler,9,charges,9
changes,11,order,13
afternoon,14,prevent,5
horrible,5,seats,149
cold,16,There,47
awards,5,handle,30
member,14,volume,22
round,11,yes,97
carried,3,incorrectly,3
apparently,4,AmericanAir,30
accounts,3,extremely,21
nothing,12,continue,12
Corporation,6,contacting,8
High,4,Reservations,6
Short,4,hey,20
Interest,4,lol,12
Wall,23,And,93
Street,16,turn,14
There,9,heat,6
birds,6,feels,9
inside,4,Delayed,35
conditions,9,Missed,22
cover,4,New,18
game,8,fleet,33
THANK,17,fleek,31
YOU,35,confusing,3
MUCH,6,priority,18
opportunity,6,mileage,13
Gary,4,plus,29
Kelly,5,üòî,3
based,7,well,80
Saturday,11,HOLD,3
rescheduled,5,PLEASE,12
notified,3,typical,5
additional,4,Trying,32
cost,16,understanding,4
Flightly,3,sign,18
though,37,NOT,44
Good,30,More,12
goes,14,missed,95
along,7,Bag,6
SWA,23,MIA,13
takes,8,Wednesday,9
‚ù§Ô∏è,6,see,122
plans,11,lostluggage,4
direct,34,frustrated,60
DAL,11,window,22
LAS,12,fun,19
cheers,3,sick,17
allowed,14,DAY,3
site,22,jfk,21
tracking,4,Checked,5
checking,19,Confirmed,3
often,7,carry,32
Most,4,counter,37
probably,9,manager,10
hand,4,upgraded,8
oscars,3,somebody,9
refund,24,sometime,3
Its,6,soon,29
telling,4,Orlando,14
American,31,military,6
Airlines,23,Horrible,8
treated,5,website,121
customers,16,problem,81
fact,3,continues,6
Flightlation,5,needs,56
1st,36,less,51
full,12,reach,40
SouthwestAir,27,delivery,16
commercial,9,driver,4
mechanical,6,carseat,4
issue,27,return,48
Looks,6,fam,5
concern,7,thats,7
Club,10,losing,28
Sent,7,meds,4
suggestion,3,remove,5
iPad,11,old,51
IAD,24,tag,18
Juan,7,miserable,9
wondering,11,Other,15
Does,11,statement,6
fees,16,house,7
military,6,thru,37
personnel,3,SFO,54
selfie,8,arrive,39
This,32,asked,47
message,17,stop,50
Twitter,25,yall,15
travels,4,corporate,11
fast,11,storms,3
Home,4,inevitable,3
without,11,making,67
meals,3,lap,5
journey,3,child,12
etc,5,badservice,19
ANAmarketers,3,Charlotte,39
friendly,7,Waited,6
helped,11,maintenance,47
various,3,NeverAgain,9
Almost,4,BNA,19
operate,3,dfwairport,7
world,23,thank,37
trying,50,Plane,13
KingsCollegeLondon,3,came,23
charity,5,broken,60
Would,13,Rather,4
jailbreak,3,separated,3
RAG,3,kids,35
apology,5,self,4
begin,5,checkin,25
Savannah,4,employee,26
Luv,5,Send,3
whats,3,texts,5
lax,7,especially,10
pleasure,5,locations,4
outstanding,10,across,10
anywhere,5,concourse,4
Left,7,seemed,3
wallet,4,yeah,23
found,21,next,128
currently,15,drove,7
ones,8,wasnt,4
hoping,14,cold,14
donation,3,bridge,4
twitter,11,whole,34
handle,5,schedule,18
followed,14,worth,21
record,14,connections,28
locator,6,Shameful,3
bringing,9,hoped,4
different,17,contacted,9
One,9,wks,3
suicide,6,responded,9
second,23,issued,11
leading,6,funds,13
cause,10,new,113
death,7,SpiritAirlines,7
among,10,Love,9
exception,3,impressed,7
asked,8,subpar,5
biz,3,planes,65
Reminder,4,officer,4
From,9,galley,4
tweeting,7,file,17
join,4,claim,72
continue,5,per,16
Lufthansa,5,bill,3
CAPA_Aviation,3,rights,4
roundtrip,7,Need,50
nearby,3,diff,14
alright,4,mom,16
BDL,3,poorly,8
bonus,7,happy,48
running,16,usairwaysfail,24
kept,5,United,149
smiling,4,traveling,30
bad,24,sales,3
customerservice,8,wondering,5
looks,20,counting,45
mistake,7,something,56
received,20,honor,12
informed,5,services,20
method,7,applied,6
also,29,question,30
design,3,2nd,39
somewhere,4,trip,122
Puerto,4,Will,47
Rico,3,leaves,13
Lol,7,deal,29
accepted,3,Denver,46
First,13,Vegas,26
members,10,pretty,26
FREE,3,lame,10
tickets,62,single,17
visit,13,letter,24
southwestairlines,3,Yes,41
seats,48,Nashville,12
Way,5,filed,18
honor,5,yep,5
policy,26,folder,3
flyers,6,expire,4
employee,7,respond,33
JayVig,4,incompetent,12
snacks,8,saw,9
JVMChat,5,useless,20
mins,5,tsa,6
And,32,shoes,4
level,5,let,151
father,4,Delta,33
passed,6,Never,44
midnight,5,international,27
hung,3,leave,79
receive,7,longer,50
Very,17,companion,12
Yeah,4,years,31
Main,3,special,10
Cabin,4,rest,8
buying,6,fear,4
AAdvantage,5,ONE,7
using,19,strikes,4
carry,19,strongly,3
reference,3,suggest,9
trips,5,live,22
pilots,22,appreciates,3
enter,7,updates,32
passport,5,airlines,74
information,11,frm,9
existing,6,TPA,6
thankful,4,MCI,4
thnx,7,connection,121
But,35,connect,16
yea,4,todays,3
anymore,6,play,11
run,11,ewr,7
following,27,2hrs,21
page,6,finally,57
iah,3,taking,47
AirlineGeeks,3,changed,45
avgeek,18,official,3
enjoyed,4,Almost,10
tell,33,morning,85
favorite,19,sucks,47
schedule,15,room,39
gives,4,storm,22
loyalty,3,point,54
Jetblue,7,getittogether,4
else,9,Except,3
Want,4,hangs,25
confirm,10,continuing,6
Anniversary,4,snow,30
Livery,3,missing,86
Digital,5,reservations,46
Journal,15,possibly,14
hate,4,bad,134
internet,3,southwestair,16
lol,21,rescheduling,8
two,46,several,24
option,14,friendlyskies,3
finally,37,complete,24
gates,6,information,42
terminal,16,rocks,3
watch,8,horror,3
Family,3,anywhere,18
App,7,except,17
Adds,4,IAH,32
Travel,6,insane,9
person,17,Flightlations,25
knew,3,posted,6
JUST,5,7am,9
complain,7,LAX,62
hour,30,Palm,6
Agents,3,head,8
Agent,6,arrived,37
despite,12,nothappy,11
went,19,friendly,15
Sacramento,3,skies,5
Minneapolis,3,relationship,3
end,15,2day,8
October,6,Canadian,5
2014,4,refund,116
Only,14,courtesy,15
chances,6,training,14
okay,16,update,71
sorted,6,looks,24
Excited,4,itinerary,17
concerned,4,abt,5
leave,18,partner,8
Traveling,9,snowing,6
Lauderdale,7,somewhere,11
cant,7,folks,15
moment,8,extra,81
four,3,hard,38
hours,26,communicate,8
tho,5,load,28
bought,12,onto,15
present,4,buy,29
unfortunately,3,operating,5
buy,11,634,3
requires,4,Phoenix,13
wheelchair,4,Every,18
exit,4,ground,61
row,12,course,16
emergency,6,intention,3
100,10,issue,119
means,7,lies,14
effort,5,directly,10
losing,4,Friday,16
news,11,charging,17
Hoping,7,freaking,8
soon,35,map,3
update,26,auto,14
offer,19,rebook,107
discounts,6,confirmed,30
children,6,outbound,8
put,29,departs,8
lap,4,fire,5
Seats,6,software,5
filled,5,aware,10
Yall,3,Unacceptable,28
sky,3,feature,8
rocks,6,Made,8
reLate,3,fit,13
Flightd,6,sound,6
perfect,9,hopeful,4
sun,4,thin,4
order,10,device,6
event,10,Laguardia,4
Imaginedragons,44,Louisville,3
fans,5,compensate,19
since,22,god,5
plus,16,chairman,4
Miami,12,status,63
list,10,match,11
wheels,3,passes,12
exact,4,followed,10
destination,17,steps,6
Santa,3,callback,18
angry,4,Zero,3
Kudos,15,Looking,6
specific,5,signs,3
nervous,4,cust,39
suggestions,6,six,10
Monday,18,joke,43
Guys,5,row,40
something,29,record,21
international,18,Didn,13
purchase,9,scheduled,43
landing,27,AFTER,7
February,8,Huge,7
asking,13,Should,18
huge,11,year,44
East,7,wtf,8
emails,3,direct,44
idea,20,purpose,5
International,7,fuel,11
cleared,4,exhausted,3
Charlotte,18,frequent,15
Karen,5,flier,3
providing,4,warm,5
frustrating,5,departure,63
situation,12,frozen,10
computer,5,water,29
attendants,16,lines,26
ATL,13,Twitter,31
PVD,7,act,12
tough,4,830,3
connect,9,Yet,9
dividend,3,difference,13
Paris,8,price,27
ways,6,near,8
kind,12,manage,9
early,28,nasty,11
dates,6,comment,4
VirginAtlantic,5,falling,5
GMA,3,apart,7
special,9,unitedfail,6
point,14,advance,8
charged,3,earlier,50
options,11,wanted,24
might,19,300,10
date,21,fees,28
volunteer,6,meals,7
life,19,uncomfortable,7
answering,3,Great,13
questions,8,charge,51
lets,5,NY_NJairports,4
department,4,Newark,25
gave,16,land,24
friendliest,3,early,59
calls,6,tarmac,44
speedy,4,feel,37
figured,5,Male,3
fine,8,Big,6
haha,13,guy,29
opens,4,standby,31
Logan,4,probably,21
Atlanta,23,Choice,4
sister,7,bit,17
traffic,4,made,120
web,6,forth,4
Love,34,require,3
cute,4,million,6
days,24,Oscars,9
waiting,25,ABC,5
BNA,8,Direct,6
FLL,18,Fail,11
Aww,5,watch,17
head,5,inside,12
pick,12,report,22
embossed,3,stow,3
badges,3,upset,34
patches,3,Flights,20
superior,4,honest,11
resolved,9,print,12
Too,6,screwed,20
named,5,big,31
desk,14,1st,60
incredibly,3,1hr,26
professional,9,boarded,35
met,10,Looks,11
listening,9,final,14
Apple,6,destination,42
Live,3,KyleJudah,4
Really,10,responsible,6
joke,3,God,6
beats,4,refuse,17
degrees,5,sympathy,5
sunny,4,After,31
applied,5,routing,4
MileagePlus,5,three,52
although,3,250,5
control,7,easy,18
came,7,class,61
notch,4,Seriously,25
ask,16,concerns,7
kid,3,four,19
near,6,avail,12
ticketed,4,flyer,21
stand,3,expensive,15
1970,3,handlers,7
Fingers,9,throwing,6
crossed,11,cart,7
Miss,3,Delay,5
Weather,6,learn,18
CEO,32,canned,10
JBLU,12,desk,52
News,7,HAVE,4
missed,13,TOMORROW,3
787,6,checked,84
üòí,3,PBI,10
onto,5,knew,26
child,16,door,20
winter,15,able,66
Cleveland,3,Springs,7
Christmas,3,beat,5
house,4,IVR,5
üòÇüòÇüòÇüòÇ,3,Call,8
lmfao,3,Don,35
requested,7,chicken,3
paying,6,Tell,5
attention,5,use,91
sfo,4,idea,37
shit,3,instead,60
upgrades,9,Poor,11
avail,4,effort,6
Okay,6,Monday,29
speaking,4,reservation,98
bagage,3,hire,15
extra,15,numbers,14
payment,5,messages,8
needed,7,rushed,4
PHLAirport,4,degree,6
Flt,4,Too,17
Orlando,19,pilots,22
üëçüëç,3,stillwaiting,3
Yes,27,Well,12
Don,17,Flighting,36
case,11,receive,16
Guess,4,email,154
cut,4,lives,4
FLT,4,event,6
Some,4,For,11
brought,6,profits,6
eyes,5,‚ù§Ô∏è,3
giving,11,fll,5
anything,26,sfo,8
Must,5,div,3
scheduled,11,obviously,10
These,5,knows,20
photos,4,resolved,15
sharing,6,picks,4
üòÅ,4,opportunity,5
part,14,voicemail,3
pay,19,Flightly,6
sincerely,3,Houston,39
bestairline,3,thinks,5
America,12,repair,7
line,15,damage,7
Out,4,interesting,4
certainly,3,exp,7
assistance,16,value,5
coat,4,Booked,7
overhead,6,months,29
Companion,6,requested,11
Pass,4,middle,24
hosting,3,screwing,5
IAH,10,month,21
set,19,lesson,8
brilliant,3,terribly,3
Cuba,5,babies,3
Plz,3,face,9
Ethiopia,3,Ive,10
GRR,5,ugh,5
upgraded,10,dfw,14
benefit,3,Sat,11
Premier,4,doesnt,6
World,6,unitedsucks,7
qualify,3,boston,4
literally,4,hate,29
Always,9,‚Äù,35
dollar,4,shown,4
hotel,13,weeks,51
Portland,7,First,24
paint,3,flown,23
storm,11,mad,11
Winter,6,forget,3
onboard,9,compassion,10
seeks,6,nearly,11
balance,7,beg,3
figure,8,directed,7
changing,8,principle,3
Flighting,7,When,49
current,12,stroller,5
purchased,7,Continental,3
AmericanAirlines,5,fee,50
Cool,4,Booking,93
money,13,Problems,93
THANKS,5,sorry,58
planned,6,paying,37
Heathrow,6,true,12
York,4,suck,39
hilarious,4,standing,18
Detroit,3,OVER,5
DMed,9,HOUR,7
touch,9,100,42
wheel,3,feet,8
NOT,6,Wtf,7
pass,39,Make,10
Had,11,mind,13
enough,15,unused,5
pts,3,aircraft,25
min,13,looking,41
impressed,9,property,4
official,4,HUMAN,5
trueblue,4,SERVICE,5
gets,9,Unhappy,3
social,12,dinner,8
otherwise,3,Fran,3
worry,6,Held,4
hold,32,ordered,4
baby,6,forgot,13
support,11,transfer,16
3130,3,400,12
PBI,5,Flightling,17
position,5,damn,18
overbooked,3,Chairman,5
bumped,5,continually,4
Who,8,Platinum,12
happened,10,UA1740,3
years,13,inbound,10
skies,6,dep,4
ARE,15,closer,4
THE,23,push,10
BEST,14,airplane,17
AIRWAYS,3,Lol,5
FOLLOW,10,terminal,34
BACK,3,SLC,7
PLEASE,15,heart,3
food,14,AmericanAirlines,17
distribution,3,wonderful,4
All,17,table,3
Those,4,proving,3
Australia,9,impossible,16
saw,16,interested,3
guy,15,speed,6
throughout,5,afternoon,15
pls,9,Las,6
counter,5,rather,28
cust,6,ahead,11
touched,3,attempt,13
national,3,insult,5
Social,5,injury,5
Fly,6,misplaced,6
brand,5,Gold,10
tix,11,Lots,8
adding,8,ReFlight,3
EVER,3,following,10
allowance,3,DMing,3
helps,3,etc,12
Didn,5,onholdwith,3
sit,9,reward,7
roxydigital,3,apply,5
peanuts,5,credits,8
truck,4,equally,4
Probably,3,1200,3
coffee,6,overnight,26
daughters,3,moving,18
13th,3,ice,14
entertainment,6,end,33
smooth,9,sit,59
resolution,5,LGA,31
music,10,cruel,3
guess,10,unusual,3
hard,13,notice,17
ETA,3,30min,8
return,22,listen,5
picture,8,known,11
must,9,confirmation,28
Blue,8,domestic,9
flyfi,5,tweeting,12
Seattle,12,EST,6
border,3,ads,5
rates,6,systems,13
hurt,3,failure,20
accidentally,4,resolution,12
name,45,answers,29
legal,3,certificate,3
sorry,16,staff,125
exactly,8,LaGuardia,4
happens,14,unprofessional,11
flyer,6,uncaring,3
earned,4,watching,9
merger,5,choosing,5
complete,5,packages,3
Yup,4,wrong,64
SLC,6,part,21
ground,20,blamed,5
courteous,5,wind,3
ROCK,3,Hoping,8
accommodate,3,Currently,7
notify,3,Dulles_Airport,4
agents,20,closed,24
rocked,3,assist,16
especially,3,speaking,12
Yay,3,unfortunately,14
ice,10,lots,12
CUN,5,talking,15
DEN,11,nonstop,12
comfortable,7,SNA,8
leaving,20,Yep,3
Should,12,Logan,9
compliment,4,broke,16
reFlight,15,cabin,20
RDU,13,handled,8
SEA,7,Flightations,8
absolute,6,happen,31
worked,11,disorganization,3
busy,5,sincere,5
B737700,4,drive,30
Oakland,5,6pm,4
8AUG,4,seen,23
traveling,20,btw,5
worth,5,Virgin,9
recommend,3,managed,5
Give,4,departures,5
gold,3,pointless,3
fault,9,follow,31
working,20,resolve,20
song,10,possible,28
high,13,drunk,8
LieFlat,3,bring,18
April,11,wheelchair,8
Check,3,serving,7
lovely,10,things,38
final,5,talked,13
offering,7,normally,3
corporate,3,watched,8
connections,8,heading,6
extremely,6,takeoff,20
disappointed,4,conference,6
Doesn,5,lands,7
fan,11,Then,28
sucks,3,Europe,3
twice,4,blame,12
month,19,show,39
planning,4,tells,19
Btw,5,ONLY,9
SJU,3,figured,7
VEGAS,5,Plenty,3
SHOW,3,usairways,88
depart,9,Saturday,10
closest,3,Today,9
place,9,delivered,26
choose,4,Pathetic,7
clicking,3,compensation,33
Aruba,3,supervisor,28
regarding,7,picked,11
departing,9,quite,6
talked,6,difficult,9
rep,15,happening,23
nonstop,14,arrangements,3
yall,11,amazing,13
dont,4,FLIGHT,3
copy,3,low,7
feel,11,loading,5
real,7,JAN,3
son,15,ton,3
serve,3,Whats,4
south,6,clearly,16
Did,13,states,10
757,3,res,8
Despite,4,Twice,8
area,11,stinks,6
straight,4,heard,40
PHX,14,discuss,9
overnight,4,many,65
daughter,13,sight,9
surgery,4,ignoring,7
Keep,15,automated,38
revenue,5,gon,23
Air,16,na,33
China,3,costumer,7
sad,4,hassle,4
shoes,3,fewer,3
Using,3,forward,15
Help,15,Due,3
Boeing,3,incompetence,14
ran,3,reschedule,33
See,14,NEVER,19
shortly,5,Nice,10
realized,4,sense,28
expired,6,meeting,17
extension,4,Baltimore,3
couple,8,approved,3
hassle,3,fare,24
üôèüôèüôè‚úåÔ∏è‚úåÔ∏è‚úåÔ∏èüôèüôèüôè,4,msg,11
frustrated,5,started,20
heart,7,suitcase,18
agree,4,Sadly,4
discount,9,gotten,16
Leaving,4,IND,6
aircraft,7,ASAP,16
Might,3,shortly,4
girls,4,carriers,8
inspired,6,round,16
becoming,3,favor,3
WOAW,3,stall,3
ABQ,7,2pm,5
httprfXlV1kGDh,4,ass,8
knows,5,wanting,5
NYC,24,move,17
Global,3,5am,4
reason,17,Said,7
student,5,Instead,8
break,3,means,28
pLate,3,period,6
dealing,9,technically,3
important,5,pile,3
respond,5,shit,27
proud,3,jetblue,57
Jet,7,caused,23
Another,12,spoke,20
nuts,4,Some,10
http8WBzOrRn3C,3,appreciated,12
videos,3,extended,6
sense,4,deplane,8
humor,3,treated,23
held,6,CEO,8
MDW,6,decided,6
frm,4,break,11
OMG,9,world,16
teens,4,AND,19
shares,3,slept,8
results,3,Cowboycerrone,7
USA,9,puts,4
TODAY,3,air,63
updated,6,traffic,11
power,6,EVER,9
outlets,4,access,18
Flying,16,experiencing,4
28th,3,grounded,6
Today,3,equipment,18
top,8,young,6
quality,4,funny,10
window,3,letting,19
arrived,11,Nope,12
drive,8,complaint,36
Sorry,11,communications,4
saying,8,fucking,18
FOR,8,kidding,16
usually,5,PHL,64
starts,3,Sad,6
per,3,willing,14
maintenance,3,empty,36
yeah,5,Reservation,8
SanFrancisco,3,shuttle,8
miami,3,Probably,3
Annual,3,4pm,4
SOBEWFF,3,refused,17
services,8,names,4
reps,3,srvc,3
item,11,Cust,6
Already,8,assured,3
report,6,pleasant,7
redeem,6,Albany,5
itinerary,6,life,32
separate,5,perfect,4
reservations,14,transaction,6
sign,6,One,25
bank,3,Has,9
ended,5,424,4
Hopefully,11,type,8
üòÇüòÇ,3,pre,7
DIA,7,regional,3
South,8,jet,18
example,7,takes,21
least,14,waited,48
vouchers,3,opened,3
MSY,5,patient,14
beyond,15,originally,9
Thought,3,allow,27
man,9,forever,10
glad,16,repeated,3
headed,8,English,7
Pay,4,cluster,5
download,3,charged,33
jeokoo,3,words,10
travelers,4,wasted,16
quickly,12,americanair,24
understand,19,MKE,7
honest,3,Sabre,4
Delta,18,fixed,17
Washington,7,FAIL,10
segment,3,used,35
appease,12,reserv,4
Mad,3,SEA,4
http4ojrSDWPkK,3,reFlight,32
prior,3,vegas,4
departure,19,original,25
Safety,5,treatment,11
totally,9,atrocious,7
forgot,6,IAD,32
promo,12,Flightd,17
program,5,replacement,7
seated,3,case,29
UnitedAirlines,6,wasting,14
price,12,blowing,3
actually,19,elsewhere,6
haul,3,Premier,8
trust,3,provider,3
announced,7,Ever,8
Pls,8,track,7
lower,3,tired,18
getaway,5,tix,18
oneway,4,code,15
Lots,6,dozen,4
cities,6,inflight,11
CheapFlights,4,fact,31
FareCompare,4,personally,3
globe,3,apologizes,3
battles,12,136,6
Pilot,3,reason,56
offers,6,club,15
Used,5,turned,14
snack,4,CUN,3
Mexico,10,redeemed,3
waiver,3,UnitedAirlines,30
Cessna,5,drop,18
747,6,ladies,3
huh,3,Again,6
arrival,5,huge,9
car,14,reasons,9
takeoff,5,properly,10
anyone,13,Cost,3
standard,3,140,11
kidding,3,characters,12
Congratulations,3,bucks,4
vincenzolandino,3,hiring,5
reserved,3,hand,9
party,12,baby,18
Marie,3,suggested,6
Cali,3,questions,10
bound,3,Phone,9
sweet,8,elite,6
passenger,5,usair,7
hrs,8,details,22
assist,7,reply,37
customs,3,either,27
failure,3,Good,21
Wednesday,5,luck,21
Milan,3,switch,27
Italy,3,eat,12
fresh,5,sun,5
Bag,5,chat,6
Terminal,7,actual,13
entertaining,3,spending,12
watching,8,swa,4
deal,14,greenville,3
fare,9,clients,5
word,9,holding,34
shout,7,All,40
thankyou,5,brought,4
800,4,Right,6
media,11,Philly,30
channels,3,super,13
orlando,3,attention,5
Feb,12,fliers,4
confusion,3,holders,4
hospitality,3,Think,4
Hope,8,LAS,15
airports,5,Juan,7
Waterbury,6,including,7
Republican,6,Flightst,4
forth,3,sleep,30
STL,8,terrible,70
dad,8,traveled,5
carrying,3,halfway,4
Last,4,wants,8
Field,6,SouthwestAir,29
OKC,3,members,25
MCI,4,Glad,8
move,9,kind,23
middle,9,Next,9
band,6,address,27
luggage,18,cab,13
forever,4,MCO,22
üëç,12,loyalty,8
Friendly,6,USAir,26
comes,3,boys,3
mint,4,promised,16
brandmance,4,begin,7
Same,3,interview,6
hook,7,DCA,62
trusted,3,honoring,3
youth,3,slow,16
carrieunderwood,10,Baggage,13
Made,6,Nobody,3
expecting,5,USA,5
story,3,Where,22
reaching,3,truth,4
fabulous,5,forced,25
boarded,8,texted,4
Perhaps,4,control,21
trouble,4,pulled,5
Beautiful,3,fuck,12
Business,8,Learn,3
Anything,8,fucken,3
process,12,complaints,24
Headed,3,GoingForGreatnessFAIL,3
Think,3,surprise,12
fingers,5,calls,46
contacting,6,goes,16
Midway,5,tickets,60
Boise,3,driving,8
summer,4,Aspen,5
LGA,13,Thx,16
layover,8,solution,16
TSA,12,easily,6
OAK,3,emailed,11
Having,3,AAdvantage,4
emailed,7,sounded,3
somehow,4,coming,37
checkin,8,guess,38
policies,4,straight,12
count,6,Time,8
Atlantic,4,crashing,4
ploughs,3,announce,9
lone,3,offering,15
furrow,3,rooms,10
MiddleEast,3,handling,11
TheNationalUAE,3,Dulles,10
transfer,5,fiasco,5
AMAZING,9,overall,4
Tampa,5,THE,22
yep,4,Calling,3
Confirmation,5,poorcustomerservice,3
VelourLive,7,destinations,5
Utah,3,Buffalo,7
3rd,5,SWA,24
known,4,didnt,9
precheck,4,bought,25
paid,5,DCABOS,3
Upgrade,3,ATC,4
Flew,3,Cmon,4
love_dragonss,9,FAA,9
entire,6,Missing,10
767,4,merge,9
seconds,3,NotHappy,3
touchdown,3,Maybe,22
Madrid,3,Long,5
little,22,claims,10
pricey,4,thought,31
city,6,Have,37
After,10,heavy,3
Disney,4,worked,12
BWI_Airport,3,tech,9
Partnership,3,stand,8
rough,3,outside,13
spare,4,lazy,5
FYI,7,Two,8
Hawaii,12,regarding,15
üòÉ,4,Could,12
damn,4,short,17
{,3,staffing,3
},5,AGAIN,14
affordable,3,sending,20
interview,4,Expedia,5
guarantee,5,functionality,3
legroom,4,click,5
mess,5,action,4
happen,11,causing,9
project,3,pathetic,14
seeing,8,acknowledge,3
LAUREN,7,bumped,18
GOD,4,BECAUSE,3
happier,3,lets,5
Amazing,5,Web,5
Sending,3,STILL,7
thoughts,6,location,6
originally,3,pick,36
issuing,3,ones,9
Thursday,6,process,35
minute,6,Row,3
management,3,space,22
Florida,6,Lost,11
For,13,Found,7
Grandma,5,Charging,3
Ella,4,biz,9
80th,5,top,23
bday,8,Club,9
greeting,4,proof,4
stewardess,6,mistake,12
Eastern,4,customerservice,26
posted,6,Awesome,4
Sure,5,ignored,6
üòÇ,5,reimbursement,10
Hello,8,private,6
attempt,3,industry,6
amount,6,tire,6
ball,5,absurd,11
collection,3,tel,3
Daily,7,aviv,3
December,3,THIS,6
mileage,9,Miami,33
praise,3,inch,3
lounge,11,hanger,4
combine,4,five,9
Top,4,competent,3
beauty,5,BTW,5
Flightst,4,unable,23
blog,5,Couldn,10
promise,6,touch,10
drinks,3,Buy,3
Sun,3,Come,18
meet,4,hell,16
arrive,9,operational,4
none,3,decent,6
tight,3,apparently,18
relations,4,alternatives,3
diverted,4,4th,9
Plus,3,maybe,30
side,5,lower,6
pair,7,cause,24
den,3,past,55
super,14,cell,10
finding,4,notifications,8
Excellent,3,DIA,7
RSW,3,ensure,5
MKE,3,Wait,4
names,3,maint,5
supervisor,6,PSP,3
Access,6,ability,4
WSJ,10,sunny,4
mail,4,others,17
btw,9,cont,4
aviation,5,scene,3
15th,6,addressed,6
Year,3,officially,10
Bluemanity,7,become,7
Plane,4,bankrupt,5
comment,5,messed,14
üòÄ,3,scan,5
Albuquerque,3,denied,14
model,4,malfunction,6
specified,3,experienced,18
B787,3,skills,4
marks,4,future,22
atlanta,4,shows,17
Canada,6,form,34
god,3,hit,6
initial,4,express,5
dream,5,Told,11
arrangements,3,minor,7
rental,6,spend,22
http3fq3XElbOn,4,plastic,4
stroller,3,chair,3
Bogota,3,actions,5
hiring,3,Terrible,28
sold,6,rows,10
Team,5,layovers,5
RaganDisney,3,peanuts,5
shuttle,3,crackers,3
YVR,5,horrendous,7
premier,3,trapped,6
Boarding,3,cover,21
group,10,Worse,3
yrs,3,size,8
willing,5,overhead,22
saving,7,pocket,4
hands,3,total,16
Black,4,arriving,20
History,3,set,15
woman,3,intl,8
Orleans,3,Going,16
three,4,cancun,4
refunded,7,infant,9
SNA,4,failing,5
penalty,5,success,3
wednesday,3,attempting,3
switch,10,retrieve,3
difference,7,Called,13
college,4,YOU,15
infant,6,ARE,5
Stop,4,HORRIBLE,6
replying,8,pic,5
perfectomobile,3,conf,8
handled,7,points,27
practice,4,CLL,3
grandfather,3,fault,32
philly,4,alone,13
hot,9,TWO,8
soft,3,messing,3
americanair,11,reimburse,7
starting,8,earth,6
explain,8,mother,8
bae,3,personnel,7
cheese,4,regret,4
cross,6,VirginAmerica,7
country,7,support,24
advantage,5,travelers,14
deserves,11,spoken,6
Everything,4,reps,29
Someone,5,Once,9
vacation,13,checkpoint,3
rain,3,guarantee,7
celebrating,3,unfortunate,4
industry,3,usually,12
domestic,13,disappointment,9
HNL,3,owe,3
Dividend,5,600,8
upcoming,7,piece,6
sunshine,3,Best,6
Explorer,3,gear,11
bet,4,starts,3
headphones,3,yelled,7
whenever,3,notified,14
Gold,4,based,9
Flights,7,wish,14
Make,3,45mins,3
relative,3,shame,4
FortuneMagazine,11,may,32
fix,5,friends,19
Indianapolis,3,seeing,4
girlfriend,3,news,9
stranded,6,layover,22
ideas,3,american,8
sleep,9,over000,4
color,3,submitted,19
HOU,3,post,18
fortime,3,frustrations,4
Tnx,3,Better,5
kudos,10,select,18
curious,3,DISAPPOINTED,3
hubby,3,trained,4
promotion,5,Train,4
Shannon,3,argued,3
handling,3,Exec,3
economy,4,Plat,3
post,6,benefits,4
nope,4,brother,8
FINALLY,3,places,4
expect,11,dead,11
ANYTHING,3,captain,14
reach,4,consecutive,3
madness,3,offices,5
however,3,Impossible,3
Waiting,4,vouchers,23
üòÑ,5,headache,4
tweeted,5,728,10
passbook,12,gives,29
speed,4,accordingly,3
views,3,dont,27
SAN,4,dates,4
Happy,8,game,8
success,3,Tuesday,21
boss,4,However,8
prices,3,ends,3
low,7,Columbus,5
sounds,7,painful,4
mind,12,music,7
across,6,avoid,12
til,4,carrying,3
Next,10,medical,7
delivered,8,compensated,6
Read,3,gas,4
previous,3,providing,8
similar,5,nights,7
grateful,3,embarrassing,10
kindness,3,realize,11
Super,6,Spoke,6
strong,3,jacked,4
truly,4,sharing,6
driving,6,sleeping,13
room,9,shitty,9
E190,3,Hung,4
seems,5,Reagan,3
behind,5,Airport,14
problems,4,ended,10
grand,3,billions,3
piece,4,awkward,4
Buffalo,4,cranky,4
allow,8,evening,13
bird,6,snack,5
Program,4,NOTHING,3
üíô,7,scared,5
Houston,12,Done,4
plan,6,aviation,4
complimentary,5,Flying,6
certain,3,truly,8
surprised,5,weekend,13
Future,3,rerouted,7
loves,3,walked,6
Anytime,3,limit,7
FlyItForward,3,pressurization,3
rules,4,serious,12
local,4,Washington,4
West,4,coupon,5
Palm,6,Real,3
apologize,4,dca,12
sooner,7,wrote,6
gift,4,simply,11
metal,6,passport,3
note,9,Loved,3
httpaQjn4HwNaC,3,choice,18
negotiate,3,Hopefully,12
resolutions,3,waived,3
reroute,5,Fuck,6
Opal,3,boy,3
Dragon,6,reading,4
ALI,3,carryons,3
woven,3,rules,12
murdering,3,threatened,3
Philippines,5,Paulo,3
connected,3,ashamed,10
fella,3,lied,9
zone,4,encountered,3
proper,3,Phl,6
arrives,7,nytimes,4
FlyTPA,9,WSJ,4
center,5,shameful,8
representative,4,Weather,12
doesnt,3,Read,3
origin,3,See,7
type,8,Disappointed,9
remains,3,understatement,4
marketing,8,Being,4
TPA,3,okay,14
advice,5,sits,4
cheaper,6,icy,7
üôè,5,stressful,5
patience,3,catering,17
removal,4,Tucson,3
matters,4,party,8
drop,8,sell,12
shoutout,4,Atlanta,9
words,5,carousel,10
detail,3,BadCustomerService,4
September,3,February,5
RedCarpet,3,2014,3
maybe,6,badly,6
DallasLoveField,4,age,7
started,4,YYZ,10
priority,8,occurred,5
jets,3,awaiting,3
track,5,prefer,5
standby,14,Global,3
memory,3,Contact,3
young,3,DoBetter,3
anticipate,3,premium,8
develop,3,platinum,17
monitor,3,clear,12
alerts,3,sincerely,4
rate,3,redeem,9
Received,3,social,10
save,6,written,4
fam,3,UsAirways,3
continues,4,office,11
positive,5,unbelievable,8
opened,3,BAD,4
solved,3,Says,3
fair,3,2hr,4
LoveSongFriday,3,incredibly,8
ppl,6,arrogant,3
YES,7,refuel,3
LOL,5,eventually,8
months,10,Memphis,5
Finally,8,father,5
forall,3,feeling,10
letter,3,mco,3
advance,6,crying,5
notice,4,Sending,3
winners,8,Unbelievable,7
conf,6,nicer,4
sale,6,sold,9
blah,3,unless,10
treat,6,date,15
Enjoy,4,planned,13
empty,7,higher,7
Chase,3,felt,6
CHS,3,den,4
Raleigh,5,ual,4
reschedule,3,comes,7
chairman,3,fair,13
BostonLogan,4,turning,4
approach,4,Flightlation,28
cheer,3,blue,12
Group,5,often,6
turned,3,recording,4
desperately,3,repeat,5
flier,4,2222,3
treatment,5,negligence,4
exceptional,7,Airways,22
actual,5,step,9
rude,3,towards,7
earn,3,accurate,7
Problemss,3,annoyed,7
letting,6,expired,10
limit,3,emailing,3
thinking,3,works,13
August,9,Jamaica,3
Bahamas,3,term,6
Oscars,4,cleaned,7
Flightations,4,telephone,3
deserved,4,apps,4
rest,3,husband,19
responses,4,RDU,15
Charleston,3,kill,5
delaysCancelled,3,patience,12
ta,4,easier,6
faster,5,cheaper,6
Wow,6,ways,10
unbelievable,3,PDX,4
operated,4,scheduling,4
smoothly,3,mark,5
meant,5,VirginAtlantic,4
Alaska,3,LHR,3
clarifying,3,sucked,5
easily,4,girl,5
till,4,impact,3
unveils,3,Having,5
including,3,share,15
Ohio,3,passenger,40
annricord,3,quality,9
crews,11,Elite,3
Nicely,3,switching,4
fav,4,hanging,18
wrong,10,Belize,5
Sweet,4,3pm,7
boyfriend,3,City,6
heading,5,fall,3
Credit,3,complimentary,4
non,5,detailed,3
Her,3,page,19
mile,5,ticketed,7
sort,4,bother,20
funeral,6,choose,15
offered,3,worstcustomerservice,4
switching,4,Hold,5
pre,4,force,3
million,3,state,7
wants,3,shock,3
higher,3,lbs,4
seriously,5,WHY,4
holding,3,writing,4
24th,4,required,6
wearing,3,Update,7
PIT,5,thinking,6
awful,3,PEOPLE,3
multiple,4,public,12
beautiful,10,1230,4
staralliance,3,follows,4
Punta,3,feed,4
Cana,3,movie,5
DTW,5,entertainment,17
httpsF2LFULCbQ7,4,waste,17
Texas,6,Agents,7
Airbus,3,MUCH,3
Tried,3,understaffing,4
indeed,3,rudeness,4
ladygaga,10,mistakes,6
lounges,3,failed,22
tab,3,Florida,9
Bos,4,alternate,13
jfk,6,TWICE,5
Long,4,Most,7
KTN,3,AA2444,4
Definitely,3,dallas,4
elite,3,web,14
Platinum,4,legroom,10
dropped,3,fast,5
credits,3,outdated,3
clarification,3,announcement,12
camera,4,despite,16
arranged,3,dollars,17
attend,5,dissatisfied,4
Save,3,tweets,8
yup,3,Upgrade,4
CMH,3,emergency,10
version,3,absolutely,19
bos,3,ferry,3
June,3,Vieques,5
broken,4,Derrick,3
stat,4,fully,6
Going,8,harsh,3
golf,4,toward,6
clubs,3,client,6
pulling,3,XNA,3
runway,5,bullshit,6
anyway,10,pulling,5
answered,5,Running,3
a320,3,Philadelphia,18
HPN,3,Let,11
looked,5,phl,6
Hits,3,Delhi,4
wont,3,centers,3
worried,4,spread,3
brother,5,causes,6
lucky,4,coach,8
loving,5,glitch,4
contacted,3,Line,6
virginamerica,4,specific,6
Here,5,estimate,6
replacing,4,example,7
B767400ER,3,HNL,3
leaves,5,SAN,6
728,3,20min,6
sat,3,requesting,4
basically,3,son,10
noticed,6,nxt,3
Nassau,4,wknd,3
select,4,disgusting,13
membership,4,restore,4
requesting,3,Luggage,5
document,3,destroyed,4
departures,4,helping,24
Because,3,stranding,4
flat,4,absolute,15
arrange,3,Yeah,11
usatoday,3,decide,5
feature,4,belongings,7
space,9,bet,5
matter,6,screw,16
extended,3,correct,21
fly2ohare,4,30mins,3
internal,3,California,5
issued,4,Because,9
Then,4,unreal,6
remember,4,Congrats,4
assignment,3,outlets,8
fortunately,3,TrueBlue,6
stuff,6,signed,3
Unfortunately,3,updated,16
freezing,3,isnt,6
chocoLate,4,appease,3
TheEllenShow,3,announcements,5
AWESOME,3,smallest,3
Lady,3,bottles,3
value,5,merged,5
custserv,3,cares,8
single,4,Singapore,4
ring,4,stewardess,7
concert,3,aggressive,3
five,5,carryon,7
RIC,3,listening,9
Although,3,local,5
Truly,3,position,5
vegas,4,700,7
7th,3,helped,20
laptop,4,SilverAirways,4
Star,3,showed,10
Alliance,3,responsibility,6
Phone,3,read,15
departs,5,train,13
mco,3,Service,21
enroute,5,Like,8
assigned,3,snacks,4
hearing,4,nuts,4
guide,3,WITH,8
include,7,Tues,5
Snow,4,ROC,6
technically,3,seconds,6
silver,3,commercials,3
meal,3,nightmare,20
üëé,3,worstairlineever,5
stick,4,Thursday,6
Off,3,WiFi,11
virgin,3,5hr,3
destinationdragons,3,24hrs,10
spoke,6,404,4
machine,3,Site,3
whether,6,stuff,18
rewards,5,huh,4
Miles,5,ticketing,3
opening,6,fill,13
closed,4,personal,14
holder,3,Wifi,3
Impressed,3,redirected,3
poor,4,connected,8
150,4,faster,11
WiFi,4,PIT,6
messages,3,families,5
play,3,pts,6
dest,3,departed,7
reimbursed,3,advertise,5
Fantastic,4,DSM,4
returned,3,Know,3
password,3,silence,3
shown,3,Bay,4
club,8,mine,18
pic,5,Might,7
common,3,landing,30
Update,4,loved,5
599,3,Arriving,3
las,3,POS,5
deplane,3,common,4
‚úàÔ∏è,3,paper,6
Daytona,3,meetings,8
lie,3,Hour,6
OfferFlight,4,holdup,4
Chairman,3,poorservice,9
returning,5,notgoodenough,3
Jeff,3,affected,4
Birmingham,3,organization,3
Number,3,timing,3
delta,4,FAANews,3
WinterWeather,3,Plz,6
gon,7,hardly,4
completely,3,cutting,6
Den,3,Rude,10
signed,5,suit,4
interested,3,Okay,4
weird,3,nyc,7
Julie,3,CSR,6
Andrews,3,Unable,6
Louis,3,pull,11
unable,3,Supposed,5
jacket,3,3am,8
Fly_Nashville,3,EpicFail,3
Easy,3,Making,5
200,3,Perhaps,4
Elevate,3,assume,5
Anthony,3,Neither,3
explanation,3,parked,6
congrats,3,stick,5
Tell,5,goin,3
forget,4,everything,20
feet,5,iPhone,7
sometime,3,Charleston,3
sunset,3,Flightation,13
state,3,reLate,12
Award,3,meant,6
Wasn,3,submit,5
Springs,3,century,3
ThankYou,3,armrest,3
Mia,3,main,9
clt,3,beer,5
639,3,valid,7
weight,3,saved,3
license,6,driven,5
fit,3,idiots,7
triflight,3,literally,17
recently,3,history,4
benefits,3,excuses,6
Better,3,unexpected,3
snowboard,3,screens,3
fave,3,cookies,3
heavy,3,promises,5
inches,3,December,3
located,3,Airline,5
Outsource,3,disaster,12
Decisions,3,accept,8
expires,4,cards,4
suit,3,totally,16
Silver,3,large,8
Alright,3,facing,5
